im1800,51.9,144,52.2,101,38.2,70.9,37.2,70.7,40,97.9,34.4,134,119,81.6,92.6,71.7,77.6,52.4,83.2,51.9,98.4,69.4,120,80.6,83.9,49.6,96.1,34.3
im1801,90.5,145,78.4,106,46.4,86.8,48.9,86.8,74.5,107,78.4,142,25.9,27.4,48.9,35.7,63.6,41.4,63,44.6,46.4,41.4,27.8,38.9,76.4,42.7,76.4,26.1
im1802,115,123,76.6,125,66.2,89.9,65.5,86.4,76.8,125,117,122,40.8,10.4,46.9,27.9,56,47,50.4,43.3,38,19.3,33.5,0.848,47.8,44.6,38.7,25.5
im1803,119,44.4,98.6,65.1,107,114,128,121,131,71.5,141,56.2,16.8,134,36.8,138,69.1,148,126,89.1,116,127,104,156,85.7,142,72.1,129
im1804,48.5,167,55.3,130,62.4,97.7,50.7,97,39.9,124,32.4,150,42.4,19,47.7,32.4,56,42.9,38.2,46.8,26.3,34.3,17.8,17.8,45.1,43.8,46.3,30.4
im1805,90.8,177,87.4,133,80.8,102,89.9,92.6,98.3,62.6,102,29.3,29.1,48.5,43.3,59.3,62.4,63.5,80.8,65.1,87.4,68.5,93.3,54.3,71.6,60.1,70.8,41
im1806,76.8,167,70.4,126,51.6,91.7,64.5,92.3,45.9,128,21.9,152,41.9,71.1,34.4,63.7,54.1,51.4,74.9,49.5,75.7,67.7,81.5,73.9,66.2,44.4,66.8,23.9
im1807,61.1,146,57.9,109,59.4,82.1,71.2,83.1,76.8,110,89.3,141,25.5,55.3,39,49,55,39.2,69.9,37.7,59.6,54.9,39.8,61,62.6,28.6,62.8,12.2
im1808,41.4,36.5,66.1,54.4,92.2,76.6,101,61.6,75.3,46.4,48.4,32.3,158,135,142,123,127,106,143,82,138,62.9,159,62.9,140,98,153,97.7
im1809,18.5,152,23.5,115,35.7,87.6,47.8,83,46.5,116,45.3,148,22.5,87,28.1,66.3,31.1,43.3,59.2,44.7,62.2,66.5,64.4,87.4,44.9,35,44.5,18.4
im1810,59.1,107,60.2,69.5,20.2,75.3,17.6,78.5,18.1,116,17,156,49.5,63.1,33.5,59.4,33.5,34.3,19.2,30.6,17.6,60.4,46.3,62.6,35.1,28.5,52.7,17.3
im1811,57.8,119,67.8,106,62.5,77.7,52.1,79.5,53,107,32.1,122,19.5,32.9,30.4,46.4,43,42.1,43.8,23.8,47.8,41.6,60.4,52.1,37.8,30.8,25.6,19
im1812,48.3,152,50.3,112,59.3,78.4,76.7,76.7,90.2,107,77.1,135,32.9,71.3,45.8,48.1,45.4,36,81.5,26.7,88.7,35.8,116,46.4,59.5,29.8,63.8,8.85
im1813,31.5,149,49.7,119,31,85,30.4,86,36.7,115,20,142,62.8,36,53.9,48,45,42.8,51.3,43.3,66.4,53.7,69.5,43.3,49.7,36,56.5,19.8
im1814,29.2,51.8,75.7,66.6,105,94.5,105,93.2,75.7,65.2,30.2,51.3,117,101,126,76.7,121,54,122,52.4,130,78.7,122,102,119,46.9,110,29.1
im1815,16.9,169,20.2,122,21.9,84.9,45.8,89,44.2,125,51.2,145,16.1,60.1,23.1,56.8,17.7,41,45,40.6,55.8,64.2,38,56.3,30.5,36.1,33,15.8
im1816,18.5,172,18.5,142,18.9,107,28.3,104,33.5,135,43.8,167,16.3,11,18.9,30.4,24.9,50.5,30.5,63.8,35.6,88.7,20.2,108,28.8,55.7,40.4,42
im1817,56.4,18,39,29.3,52.5,55.2,48.6,69.2,22.4,78.6,19.4,51,35.4,67.3,58.3,70.3,55.8,93.8,61.9,100,71,84.7,81.4,71.2,55.8,108,67.4,120
im1818,19.2,143,30.9,113,42.9,88.4,65.9,96.2,62.3,139,49.4,166,18.9,42.8,37.1,30.5,40.9,39.5,60.7,40.8,50.3,68.7,22.8,53.8,48.1,42.1,50,18.8
im1819,41.1,161,33.4,128,35.1,89.5,52.6,90.7,47.4,134,58.3,124,19.7,63.3,20.3,60.1,28.9,48.1,53.1,47,69.1,66.7,52.3,67.6,40,40.7,42,19.9
im1820,29.5,124,45.6,93.2,17.3,82,17.8,77.2,46.1,94.3,43.5,136,54.1,82.5,49.9,67.6,33.3,42.4,15.6,47.2,28.5,70.8,47.7,83.1,33.8,33.3,39.7,15.7
im1821,31.4,149,24.2,123,37.5,87.9,56.4,82.8,54.2,125,63.7,159,21.9,94.5,26.4,70.6,18,48.9,49.2,48.3,56.4,71.1,43.6,88.4,31.4,40,30.8,18.3
im1822,44.4,60.5,73.5,85.4,117,63.8,108,63.8,111,108,113,154,156,70.5,142,78.8,123,87.9,118,51.3,101,49.7,99.3,66.3,150,54.7,156,43.9
im1823,87.3,153,93.6,100,79.2,90.8,106,92.3,121,99.3,117,164,36.7,64.2,58.5,55.7,84,49,129,54.2,128,71.9,121,86,105,51.2,116,37.2
im1824,21.3,25.2,26.5,29.4,30.4,40.8,36.3,43.1,61.1,23.5,85.4,9.39,44.8,142,46,114,38.7,95,48.8,91.9,55.4,115,58.2,140,45.8,95.5,38.5,106
im1825,44.3,135,39.1,93,22.5,65,21.5,66,31.8,96.1,31.8,132,48.5,92,51.6,68.1,66.1,46.3,56.8,35.9,41.2,51.5,42.2,77.4,66.1,38,76.5,22.4
im1826,79.6,148,73.9,113,93.6,84.7,91.7,85.2,59.1,103,87.3,122,28.4,74,42.7,60.3,65.4,46.6,61.8,53.7,38.6,61.4,26.8,76.4,60.5,45.8,61.6,26.9
im1827,17,162,28.4,120,28.4,86,45.6,85.2,54.9,126,57.8,163,32.7,54.4,17,63.8,21.3,43.7,54.9,45.1,59.2,66.6,48.5,55.9,39.2,38,40.6,17.2
im1828,44.5,119,71.5,94.8,60.6,71.4,73.8,75.6,79.8,109,57.1,130,20.3,46.8,41.6,35.3,62.1,28.2,88.2,35.9,92.1,56.8,99.7,67.3,77.7,26.5,83.8,5.46
im1829,26.5,124,38.3,126,46.7,93.3,62.9,96.3,67.3,120,57,154,40.8,66.3,29.5,60.4,46.7,49.6,79.1,53,92.4,56,84.5,36.8,64.8,42.2,65.8,26.5
im1830,41.7,136,19.2,109,38.2,84.1,56.3,79.2,46.5,105,64.1,141,24.6,86.5,35.3,69.4,19.2,48.5,29,39.2,37.8,66.5,26.1,92.8,18.3,38.7,18.3,18.3
im1831,13.8,143,18.2,114,22.9,82.7,40.8,82.7,43.9,113,47.9,144,27.6,81.8,14.9,66.5,15.6,43.6,46.3,41,43,61.1,32.6,79,32.8,34.7,32.8,13.7
im1832,25,149,47.9,117,33.7,84.3,45.2,84,47.6,119,19.1,117,52.5,33.6,35.1,50.2,41,37.4,63.2,41.5,62.9,65.2,66.7,68.3,55.2,35.6,56.6,18.9
im1833,103,134,73.4,132,69.2,98.3,86.5,96.2,76.7,136,93.7,158,22.8,70.1,39.2,84,48.5,60.4,79.4,56.8,98.3,71.8,87.1,70.7,63,49.6,66.8,29
im1834,40.3,138,66.9,135,83,97.4,106,97.4,116,131,92.6,172,141,105,117,99.4,95.5,66.8,135,60.8,132,95.8,139,122,115,62,119,40.2
im1835,53.5,160,64.5,125,43.1,89.4,38.5,89.4,42.4,118,26.2,147,90.5,40.1,76.2,51.1,61.9,46.6,61.9,45.9,80.1,59.6,92.4,49.2,66.4,42,73.6,26.5
im1836,100,31.4,70.1,30.4,69.4,63.4,75.9,70.9,87.5,51.8,106,70.7,30.3,41.7,38.4,63.1,37.6,89.3,43.9,94.6,51.7,76.2,46.2,63.1,38.4,99.6,42.4,122
im1837,87,157,85.6,122,85.6,92.3,92.3,86.1,124,108,151,83.7,58,75.1,67.5,88.9,58,68.9,62.2,50.8,68.4,47.5,43.2,56.5,55.6,58.4,50.8,43.2
im1838,30.7,132,17.8,105,20.2,75.9,31.6,75.6,40.5,102,54,134,15.4,21.2,27.7,28,31,30.7,44.1,34.9,39.3,40.6,31.3,40.3,38.7,28.6,52.8,15.5
im1839,32.1,151,54,122,64.5,87.7,84.6,93.8,71.1,126,69.2,119,16.9,25.2,36.9,36.2,64.1,38.1,93.4,38.1,123,37.6,145,28.1,79.9,43,80.7,20.3
im1840,49.5,163,44.6,124,75.2,103,94.5,104,116,109,101,157,36.7,127,51.4,97.8,63.5,65.3,101,62.3,118,92.5,129,122,81.3,60,77.1,37
im1841,80.2,153,56.5,119,49.6,87.3,32.5,88.5,29.5,123,33.1,155,46.3,81.3,53.5,65.4,44.8,43.2,24.1,51.9,26.2,72.3,30.7,93,27.4,39.3,22.9,22.8
im1842,121,94.5,85.9,95.2,55.4,104,51.1,104,64,135,40.6,163,13.3,101,21.7,79.4,35.1,66,39.6,66.8,38.7,82,59.2,76.1,42,57,46.8,43.1
im1843,32.5,144,38.3,110,31.5,80.5,21,79.8,27.4,110,29.5,144,43.3,78.5,34.9,59.2,34.9,37.9,16.3,40.3,16.3,63.6,31.2,79.5,28.5,27.8,31.5,10.8
im1844,34.3,60.2,63.8,86.3,83,62.5,64.9,62.5,74,112,77.4,166,83,93,97.7,73.8,112,57.9,83,45.5,64.9,34.2,52.4,51.2,109,45.5,119,36.4
im1845,68.8,165,55.8,126,44.4,92.1,57.5,94.4,67.1,130,48.4,164,36.5,84.7,22.9,71.7,35.9,50.8,61.4,51.9,69.4,71.7,79.5,87.6,50.1,43.4,50.1,22.4
im1846,16,133,20.2,106,26.3,81.2,38.3,82.2,36.6,106,33.1,129,18.7,79.3,15.3,62.2,18.2,40.7,41.9,40.2,44.1,59.5,44.4,78.5,31.9,33.3,32.4,11.6
im1847,74.1,31.2,81.1,70,105,77,90.5,79.4,67.4,47.9,85.4,17.8,115,58.4,109,84.2,98.8,112,67.6,117,41,108,15.7,103,79.2,117,78.9,139
im1848,55.9,121,27.6,99.3,36.2,74.1,49.3,76.3,41.7,99.9,48.1,133,17,69.3,31.2,51.8,34.4,32.2,51.9,27,59.5,49,38.1,60.9,41.3,21.2,33.4,6.4
im1849,84,119,57.2,105,76.8,91.3,92.8,87.4,105,106,135,132,38.4,45.4,52.5,55.2,64.4,46.7,83.2,43.5,94.7,60.5,79.1,61.8,72.9,41.3,67,22.3
im1850,77.6,135,60.5,119,39.7,91.9,58,92.6,37.6,127,35.5,164,29.7,67.6,22.2,68.3,32.2,44.7,60.5,46.2,77.6,57.2,66.5,65.1,43.7,38.6,41.2,22.2
im1851,50.2,159,28.8,124,41.5,93.1,50.7,88.8,66.5,124,87.9,142,36,81.2,44.4,65.1,29.6,52.7,42,49.6,52,70.1,34.1,77.5,31.2,45.9,25.1,25
im1852,25,138,49,114,57.4,83.1,66.2,82.4,87.4,105,78,140,75.4,42.8,57.7,52.2,62.2,35.2,69.6,37.7,51.7,46.8,66,65.8,66.8,32.5,72.2,14.8
im1853,66.6,172,34.3,136,49.3,92.8,66.6,95.1,61.1,134,54.8,174,23.3,58.1,31.1,57.3,39,46.3,74.5,49.4,81.6,43.1,64.3,25,57.2,44.7,57.2,23.4
im1854,38.7,151,34.3,117,35.2,88.3,49.2,90.4,52.1,117,61.8,141,18.8,91.5,23.5,65.5,26.7,43,53.6,45.9,65.6,70.2,42.5,76.6,38.4,41.5,35.2,18.7
im1855,28.1,164,42.2,123,56.8,84.1,71.2,79.2,73.3,118,80.6,162,37.9,56,35.5,70.7,23,56,44.3,36.2,62,53,52.2,47.8,28.1,41.1,24.8,23.1
im1856,26.5,177,17.7,147,25.9,109,42,112,39.3,143,56.8,179,17.1,17.3,24.1,41.2,40.5,62.5,60.2,83.4,59.6,108,42,100,53.5,66.4,58.6,48.2
im1857,170,104,131,96.6,96.5,71.1,85.9,73.3,51.3,69,44.9,106,30.1,74,42.8,57.7,57.6,50.7,86.6,50,116,64.1,100,82.4,73.9,49.3,66.8,30.2
im1858,33,157,47.5,127,56.6,101,73.5,105,77.1,130,75.3,161,37.8,78,38.4,68.1,52.3,57.2,83.5,63.2,97.1,78,116,77.4,70.8,51.7,67.4,33
im1859,37.8,154,37.5,115,35.6,88.1,54.5,87.2,45.2,115,49.9,151,18.3,87.5,24.1,68.6,27.6,46.3,56.4,43.8,64.1,61.1,57.6,88.1,39.6,39.5,37.2,18.4
im1860,13.6,140,39.7,114,29.6,82.8,31.1,83.9,46,116,36.7,148,46.7,68.6,26.6,64.2,28.9,38.1,36.3,39.6,33,54.5,47.5,60.5,35.9,30.6,39.3,13.5
im1861,49.4,164,45.8,128,41.2,91.4,58.4,93.8,53.5,134,46.1,121,21.9,81.3,24.9,69.9,33,51.1,63.5,48.6,76.6,69,63,78.8,48.3,46.2,48.3,21.9
im1862,53.8,129,41.7,108,59.2,84.7,45.3,84.1,16.9,94.3,26.5,123,22.3,64.7,42.3,59.3,51.9,41.7,41,44.1,30.8,65.3,18.7,70.7,44.1,35.1,44.1,16.9
im1863,21.3,129,29.4,81.5,19.6,81.7,44.5,81.2,40.4,84.3,45.3,130,28.2,74,14.9,67.5,15.5,42.9,45.7,43.5,47.1,67.5,41.9,71.7,30.2,35.6,30.2,12.9
im1864,35.8,110,27.3,113,33.5,86.1,51.5,87.1,45.6,112,40.3,146,35.1,56.7,19.1,54.4,35.1,37.4,61.9,41.3,64.5,52.8,67.2,64.2,50.8,34.5,52.8,19.1
im1865,37,157,41.3,121,41.3,89.8,28.9,90.3,26.7,119,22.8,152,63.7,59.3,72.3,47.2,47.8,41.2,20.7,44.2,29.7,56.7,40,73.5,35.7,34.3,39.2,20.5
im1866,50.3,135,58.9,97.1,46.1,87.8,24.8,90.8,23.7,105,28.9,130,54.8,72.1,64.5,71.7,54.8,45.8,19.2,46.2,18.4,67.6,26.3,75,37.5,35.7,36.4,18.5
im1867,23.6,140,41.8,109,15.5,83.1,15.5,82.4,34.4,102,19.6,126,50.5,40,33,44.8,26.3,31.3,27.7,38.7,45.2,56.9,54.6,48.1,32.4,32,33,15.8
im1868,78.7,137,61.4,118,51.6,90,37.1,87,29.2,103,22.5,136,54.4,72.1,64.7,73.6,72.9,59,49.8,34.7,41,45.1,48.9,49,64.4,38.1,70.2,22.6
im1869,97.7,152,71.2,124,69.3,94.5,63.6,91.6,37.3,115,62.2,137,27.8,53,32.8,61.8,45.7,48.2,59.1,49.4,71.5,64.7,63.8,76.1,50.5,44.2,50.2,27.9
im1870,20.9,132,49.3,124,35.5,89.3,42.1,92.9,68.7,101,61.2,128,73,26,70.8,33.2,46.4,40.3,43.5,43.1,48.7,68.3,62.6,58.1,46.9,36.4,50,20.8
im1871,16.9,143,34.9,114,33.7,85.9,43.5,86.8,47.1,115,47.7,148,53.5,18.3,53.5,32.1,33.7,40.1,31.5,44,45.9,52.3,59.4,34.2,31.2,32.7,25.1,17.1
im1872,31.4,31.4,38.4,61.7,69.7,51.4,78,56,101,35.4,110,57,65.7,143,67,122,68.7,95.9,73.6,98.2,72.3,119,70.3,138,73,105,88.6,109
im1873,165,98.9,129,96,99.9,80.1,101,65.5,127,86.6,166,94.6,28.3,41.5,43.6,55,60.3,51.4,69.7,36.8,45,38.6,31.6,33.9,64.3,39.4,53,28.1
im1874,58.4,157,73.6,113,47.2,108,59.3,109,91.4,116,78.6,158,47.2,33.3,33.3,54.4,50.7,62.4,79.5,69.8,95.5,76.3,117,65.6,68.8,63.9,75.9,44.3
im1875,76.7,142,86.9,103,45.9,96.5,45.5,94.8,51.4,118,25.2,139,88.1,25,65.3,28.9,48.8,42.8,44.6,59.7,70.4,70.7,75.5,59.3,52.6,47.9,47.6,27.6
im1876,114,134,102,97.3,69.4,83.3,75,83.3,67.4,102,39,105,141,139,120,113,106,81.7,110,56.5,93.8,44.9,78.2,39.7,119,77.7,125,58.1
im1877,40.6,159,65.4,132,88.4,102,106,104,130,131,141,159,138,72.3,117,80.7,96.8,64.2,128,63.5,142,70.8,142,67.2,112,61.3,113,40.5
im1878,16.5,154,30,120,30,86.7,43.2,88.2,44.1,119,44.1,152,26.2,78.2,15.3,57.6,33.5,42,49.7,52,50.6,70.2,65,84,45.9,39.6,50.9,19.9
im1879,74.3,152,70.1,117,51.8,90.2,40.8,84.6,41.1,111,26,139,86.7,53.2,70.1,50.8,70.1,45.5,90.9,65.6,78.7,65.3,71.9,53.5,73.7,41.4,79.6,26
im1880,36.8,143,41.8,112,42.9,87.8,57.8,89.9,57,115,54.1,150,33.7,51.9,22.2,51.9,39.4,39.1,67,42.8,75,57.4,77.8,68.4,53.3,35.9,55.2,18.9
im1881,34.9,113,40.1,82,72,65.9,65.4,62.4,32,79.4,27.3,112,35.5,77.4,41,54.6,43.5,32,37.9,33.6,40.4,58.1,32.8,83.3,35.7,26.1,20.5,20.6
im1882,34.7,89.2,46.2,90,67.6,58.7,74.7,66.3,92.9,90.8,96.1,121,93.3,86.1,77.1,65.9,97.3,50,115,54.4,118,77,124,97.5,120,49.2,128,34.6
im1883,31.1,155,47.2,125,57.1,98.5,75.4,98.5,96.8,129,108,155,50.9,46.4,34.2,55.8,51.9,59.5,85.8,56.8,80.1,66.2,61.3,51.6,71.7,50.6,73.3,30.8
im1884,140,181,124,140,77.7,105,61.3,105,59.8,147,31.2,179,119,139,117,109,115,73.2,78.3,72.2,98.4,108,116,139,103,65.3,105,43.6
im1885,32.8,154,27.1,123,25.1,93.1,36.9,94.6,43.5,127,38.4,153,23.5,46,17.4,31.1,21.5,17.3,51.7,56.7,61,71.1,56.3,52.1,38.9,39.8,46.6,27
im1886,40.4,132,74.7,128,71,98.1,75.4,103,84,137,50.7,144,134,27.3,121,37.3,105,48.3,102,56.9,124,54.1,142,45.9,105,53.1,115,43.5
im1887,90.1,166,77.6,126,70.3,93.5,54.6,94.5,45.2,121,55.7,159,66.1,72.6,85.9,69.5,71.3,46.5,44.2,49.7,31.7,75.7,25.4,70.5,55.7,43.4,53.6,25.7
im1888,41.5,142,45.5,99.9,25.9,83.5,44.3,84.3,39.9,116,29.1,129,42.7,62.8,19.9,69.6,30.3,46.4,62.2,41.6,69.4,68,57.9,61.2,49.1,42.8,48.3,19.7
im1889,96.1,131,73.8,119,51.8,93.9,62.5,94.8,36.1,120,54.7,148,27.7,66.4,29.2,79.5,27.5,53.1,52.7,49.1,75.2,49.9,71.5,73.1,36.1,48.2,30.4,27.3
im1890,60.7,164,62.4,129,54.1,94.8,40.8,93.9,33.3,123,25,156,88.1,85.6,77.3,74,68.2,48.3,38.3,48.3,29.2,69.9,44.9,81.5,53.2,41.7,56.6,25.1
im1891,63.3,162,30.3,138,51.1,110,51.1,116,26.5,148,67.4,166,32.4,97,43.8,104,62.6,75.1,60.1,50.8,45.9,27.9,19.2,19.2,59.1,60.9,65.3,42.1
im1892,32.1,164,29.1,123,29.5,87.4,49.3,86.7,46.6,120,45.5,166,18,93.9,21.8,72.6,20.7,47.4,54.6,42.1,63,65.7,48.1,51.2,35.9,36.4,32.9,18.1
im1893,27.4,157,18.4,114,22.6,83,39.5,81.8,25.6,113,31.1,154,13.5,73.9,15.3,67.9,14.1,43.7,44.3,37.7,47.4,65.5,25,76.3,28.6,34,26.2,13.5
im1894,112,160,116,123,90.5,107,83.8,101,68.5,133,37.3,150,78,101,72.5,78.7,89.3,62.5,101,57,106,71.1,130,76.9,93.3,56.1,97.3,37.1
im1895,99.6,138,86.1,110,61.6,93.1,51.2,89.1,61.9,116,28.5,124,54,64.3,42.9,48.3,60.1,42.2,61.6,54.1,58,66.1,69.9,87.2,65.3,39.4,77.3,28.4
im1896,29.8,137,29.5,121,27.5,84.5,42.5,84.5,38.8,115,39.4,154,33.4,58.2,15.6,61.6,25.8,39,50.6,42.1,52.3,52.3,54.3,64.7,36.5,34.5,37.4,15.3
im1897,46.9,172,39.3,134,36.6,105,23.5,105,18.2,139,14.4,167,45.1,14.4,50.1,34.3,43.4,52.7,16.7,63.2,16.5,82.8,23.5,97.5,28.7,54.2,32.3,35.7
im1898,38.8,149,35.2,119,33.9,87.9,50.9,89.9,49.3,125,41.1,97.1,27.4,70.9,18.5,69.6,26.4,47,58.1,46.4,65.3,60.7,64.3,75.8,41.8,38.8,40.8,18.5
im1899,57,153,54.2,114,44,88,31,87.3,30.3,111,9.97,143,49.6,75.7,48.2,59.6,53.5,45.2,41.9,35.4,29.6,34.7,47.5,19.6,54.2,38.9,58.7,19.6
im1900,19.8,125,15.6,110,23.9,82.2,38.1,82.4,36,113,38.1,143,28.8,45.7,21.5,43.8,28.5,30.2,54.4,40.6,48.2,51.7,47.8,30,40.8,30.7,45.3,15.6
im1901,36.8,155,62.2,133,79.4,103,93,105,111,128,129,163,58.6,54,73.1,65.8,75.8,55.9,92.1,57.7,108,60.4,123,62.2,86.7,53.1,88.5,36.8
im1902,18.8,181,25.2,144,31.5,109,45.3,114,48.8,148,46.8,179,29.6,19.1,30.1,41.2,38.9,59.4,50.7,58.4,55.6,80.5,66,82.5,56.6,65.3,61.5,50.5
im1903,35.7,142,33.5,109,34.4,76,46.4,75.3,47.1,106,48,133,20.6,66.9,16.6,54.2,24.2,34.2,52.2,30.8,58.2,51.5,53.1,43.3,37.9,26.4,39.1,6.15
im1904,20.7,153,32.2,116,28.2,85.7,45.4,86.3,68.9,116,72.9,149,46.5,92,36.2,73.7,31.6,43.8,64.3,49,58,73.7,49.4,92,49.4,42.1,46,20.9
im1905,26.1,99.9,18.2,114,25,84.3,42.3,89.3,40.4,112,26.7,146,31.9,71.8,19.8,58.5,30.2,37.4,60.1,42.8,63.6,52.9,63.6,70.4,45,36.3,44.1,18.3
im1906,35.5,64.5,54.6,89.7,66.3,70.1,82.9,71.6,87.5,107,87,148,89.5,76.6,97.6,74.1,98.1,54.9,112,46.3,108,58.4,119,57.4,114,50.9,124,35.2
im1907,25.1,179,17.6,151,36.9,121,48.2,121,34.1,153,36.4,183,32.7,49.2,18.6,65.6,34.1,72.6,51.4,68.9,57.5,41.2,61.3,17.7,40.6,65.1,50,55.7
im1908,21.3,143,30,103,27.1,72.6,47.2,73.6,64.8,100,64,141,50.1,97.8,40,71.4,48.4,45.3,72.9,51,70.1,73.6,74.9,103,64.3,43.3,70.3,21.5
im1909,35.5,129,25.6,103,47.5,80.4,45,82.6,16.1,109,31.5,143,13.6,74.6,28.2,61.8,29.3,37.7,41,40.6,36.2,68.4,16.9,79,29.6,31.1,29.3,13.6
im1910,17.1,139,17.4,111,16.1,79.8,34,80.5,34.9,110,32.4,148,34.6,71.9,15.2,65.8,13.9,39.7,39.7,34.3,41.9,53.7,46.4,70,30.8,31.4,36.8,13
im1911,20.7,144,29.4,117,28.2,86.6,44.1,86.3,60.3,110,72.2,139,35.2,76.5,25.1,59.5,29.7,39.5,58.3,49.4,58.3,73.3,53.4,62.1,47.9,35.8,50.2,20.5
im1912,20,145,39.7,110,23.3,78.6,21.1,80.8,26.6,111,20,140,40.8,80.8,28.8,62.2,26.6,37.1,18.9,38.2,18.9,61.1,34.2,80.8,26.6,28.4,25.5,8.72
im1913,84.8,129,50.1,110,90.8,84,78.7,69.9,33,86,76.2,101,98.8,59.3,106,40.7,82.3,38.2,49.6,30.2,30.5,48.8,35.5,70.4,54.1,41.7,42.6,33.7
im1914,56.1,103,43.2,101,28.8,79.2,44.4,68.5,52,91.2,54.9,124,63.4,41.1,36.1,47.1,21.8,36,48.4,26.7,58.3,26.1,76.7,29.5,35.7,29.5,36.1,9.65
im1915,24.1,115,32.3,94,42.3,79.9,55.8,90.9,42.3,114,25.8,138,64.1,55.4,52.4,53.6,55.5,35.7,82.7,54,66.8,72.6,56.1,76.1,75.1,40.2,84.1,24
im1916,45.8,117,57.4,120,42.1,92.2,60.1,88.5,68,115,63.6,144,11.4,75.9,25.5,58.5,47.1,48.9,69.2,50.2,74.2,74.2,71.7,70.1,58.9,44,60.3,25.1
im1917,32.9,167,60,118,70.5,83.5,85.2,98.6,81.7,129,81.4,166,74.4,60.7,69,32.8,94.1,44.8,115,80.8,89.1,94.8,81,66.9,106,70,102,66.9
im1918,146,62.8,111,68.3,89.7,39.2,97,30.4,117,63.4,150,48.1,44.2,78.3,49.7,55.7,46.3,29.2,48.1,29.2,50.9,51.5,43.9,81.4,39.9,34.6,23.4,23.3
im1919,19,160,23.8,124,33.2,88.7,48.5,88,58.6,126,64.7,160,27.8,67.8,21.8,74,23.3,46.7,56.5,44.8,66.8,70.6,53.2,69.3,39.9,39.8,38.8,19.2
im1920,62.1,147,48.2,128,51,98.5,70.4,91,59.9,116,77,138,30.5,71.7,26.1,81.6,28.9,56.2,57.9,48.7,79,40.9,100,48.9,42.8,53,38.6,29.6
im1921,28.6,153,52.1,124,64.5,95.3,81.8,100,99.9,118,88.5,151,73,79.1,59,77.5,68.9,55.6,93.4,57.1,91.6,76.5,91.8,96.1,81.5,49.1,83.1,28.4
im1922,47.8,151,41.6,112,31.9,82.6,46.1,79.8,41.6,112,34.4,154,19.3,66.4,16,62.2,13.7,37.9,36.6,39,44.7,65,20.7,68.3,21.3,31.8,21.3,13.7
im1923,131,162,133,129,110,96.2,119,92.8,137,126,125,159,77.7,44.9,75.7,76.2,70.3,75,73.7,62.3,60.5,45.7,39,38.9,70.6,66.6,52.6,57
im1924,18.2,147,13.9,109,28.1,83.1,38.6,83.8,37.9,115,39.7,149,26.6,80,34.4,59.1,29,39.8,39.9,36.7,48.8,60.7,40.8,83.8,29.5,32.1,24.2,13.9
im1925,53.7,161,52.5,126,66.9,99.7,84.4,98.9,89,130,113,156,32.5,99.3,50.3,84,47.3,62.7,73.3,57.2,80.5,78,58,83.1,53.3,52.5,47.3,32.5
im1926,20.2,144,28.6,112,50.9,85.4,62.5,85,57.9,122,70.9,155,33.2,56.2,21.6,65,24,44.5,43.9,39,70.4,52.9,43.9,45.5,30.9,42.7,26.3,20.4
im1927,27.5,124,66.5,114,62.7,78.7,68,81.8,93.2,113,96.3,155,37.5,84.3,46.5,57.8,60,37.6,69.4,35.9,77.6,47.4,92.6,58,70.7,29.4,78.4,10.9
im1928,22.9,145,45.3,122,50.9,88.3,56.5,88,80.2,110,74.6,138,76.9,77.1,67.7,71.2,67.4,49.8,68.3,47.1,61.4,68.6,78.2,70.9,72,40.6,71.6,22.8
im1929,30.2,132,24.8,107,29.8,75.6,43.1,74.7,43.9,109,40.5,140,24.1,51.6,15.5,54.8,20.3,31.4,50.3,31,54.2,52.6,52.5,73.5,36,25.6,33.8,6.07
im1930,33.4,134,34.6,108,17.9,79.4,33.2,80.5,41.6,106,22.8,117,28.5,73,15.4,57.7,27.5,37.4,47.6,37,49.9,52.7,54,72.1,40.7,33.4,45.8,15.5
im1931,38.2,164,16.2,135,13.7,99.5,30.1,102,18.3,143,16.6,176,39.9,17.1,19.6,21.8,14.9,45.5,33.5,53.1,46.2,35.7,46.2,12.9,25.1,49.7,31.4,31.9
im1932,78.8,131,71.6,115,68,94.3,87.6,104,60.7,140,29.2,164,78.8,93.2,72.6,70,73.6,50.9,102,56.6,84,75.2,54.5,79.8,87.6,49.8,81.9,29.2
im1933,36.7,116,72.8,95,108,79.1,108,95.8,75.6,112,40.3,128,185,36.7,179,46.6,153,47,154,64.5,178,64.1,188,42.7,154,56.5,167,43.1
im1934,31.6,152,32.6,112,33.6,79.3,28.4,79.3,42,114,36.8,147,23.2,73.1,17.5,53.8,32.1,36.2,33.6,30.5,18,52.3,22.7,73.6,38.3,26.8,40.4,9.66
im1935,60.2,158,69.4,117,54.6,88.9,59.8,93.7,57.4,129,24.2,135,55.4,89.3,42.6,68.5,60.6,48.1,84.3,50.9,79.9,74.1,79.9,93.3,73,42.9,81.1,24.1
im1936,20.8,160,31.6,123,37.5,90.5,52.7,91.6,69.8,128,73.1,159,65.7,75,46,61.2,27.5,47.1,52.3,41.9,59,63.8,69,82.4,39.4,40.5,36.4,20.8
im1937,67.8,137,57.7,112,51,87.4,34.3,87.4,26.6,119,29.2,146,67.8,84.4,60.2,63.5,52.1,45.2,20,47.8,19.5,66.1,24.1,85.9,37.8,34,35.3,19.3
im1938,52.9,180,43.8,141,34.5,108,23,106,27.8,142,37.4,182,80.5,31,64.4,46.7,47.2,62.8,28.6,60.8,48.3,40.8,65.5,23.1,37.9,61.4,30.9,46.5
im1939,29.1,117,39.2,80.2,25.6,50.4,44.8,52.9,53.4,80.2,45.8,116,50.3,75.2,35.2,53.4,56.4,35.8,76.6,47.9,66,62,73.6,80.7,74.6,37.8,89.7,25.7
im1940,83.5,118,89.1,71.5,95.4,29.6,102,28.9,94,68,85.6,116,75.1,107,68.8,79.9,56.9,48.5,64.6,49.2,77.2,82,81.4,108,49.2,47.1,28.9,50.6
im1941,47.3,134,41.7,99.2,51.4,80.9,38.7,79.8,14.8,110,30.5,138,39.4,75.3,52.1,60,48.4,37.6,18.2,40.3,23,66,34.9,70.9,30.8,28.7,32,14.9
im1942,83.5,145,77.3,110,51.9,79.6,44.9,82.7,61.1,117,28,114,87.4,107,82,77.3,84.3,55,86.6,48.8,82,71.9,85.1,106,88.1,47.2,97.4,28
im1943,31.5,151,46.6,115,72.1,99.4,88.2,92.7,88.2,125,110,160,45.6,86.1,47.5,70,51.3,54.9,73.1,51.1,93.9,56.8,109,67.2,60.8,47.3,56.1,31.3
im1944,17.1,147,19.5,114,30.4,83.1,45.7,82.8,45.1,115,40.6,149,13.7,68,16.6,55.7,18.9,37.3,44.8,39.7,46.4,61.1,37.9,80.2,30.4,34,30.9,13.1
im1945,17.8,146,25.2,113,28,80.6,46.2,78.3,53.4,104,51.4,140,29.1,75.5,20.6,54.7,35.7,40.1,62.1,42.4,56,60.4,56.2,76.5,53.2,38.6,52.4,17.6
im1946,115,115,82.8,131,86.2,95.5,86.2,95.5,83.8,130,120,112,34.2,43,44.4,62.9,60.9,62.9,69.2,53.2,50.2,50.8,37.6,34.2,59.5,50.3,49.2,36.2
im1947,90,168,81.2,129,88.4,91.2,91.3,94.7,76.5,127,62,174,26.1,26.1,50,31.5,76.2,38.4,87.8,56.3,76.5,88.4,55.4,105,81.2,44.4,88.4,27.4
im1948,31.8,142,30.4,105,25.4,73.4,38.9,74,38.9,104,33.9,139,24.5,75.4,16.3,57.2,20.4,31.1,44.5,30.2,43.6,52.5,57.1,74.8,34.8,21.4,37.1,4.37
im1949,115,161,101,128,94.5,101,89.3,103,75,134,64.5,167,32.9,32.8,49.6,47.1,64.5,59,72.6,73.3,80.4,94.9,64.8,94.3,64,64.6,68,47.6
im1950,14.1,146,17.6,113,22.8,82.1,35.6,81,49.5,111,46.6,144,33.9,86.2,20.5,65.3,18.8,42.1,40.2,39.2,32.7,60.7,38.5,82.1,35.6,35.1,39.7,14.2
im1951,93.2,39.3,89.6,50.9,80.1,77.1,64.6,63.3,77.3,39.7,79.4,40.6,30,129,32.8,97.1,26.6,76.5,45.9,46.8,69.8,26.8,91.3,39.3,35.6,64.6,30.4,41.4
im1952,26.1,143,38.9,116,26.5,101,48.2,106,36.7,145,18.5,181,31.8,18.8,34.5,37.8,38.9,55.9,60.1,58.6,64.5,45.7,65,23.6,50.8,49.7,56.1,38.2
im1953,40.8,132,25.3,109,45.6,93.1,68.1,93.8,63,109,63.9,130,42.1,92.1,37.2,79.7,41,56.4,74.5,55.1,88.5,77.4,80,90.5,59.7,45.6,59.4,25.2
im1954,65.9,153,54.2,120,56.1,87.8,37.8,91,32.6,121,40.4,160,53.5,64.8,67.9,64.2,54.8,42.6,28,44.6,31.2,59.6,19.5,70.7,42.4,36,40.4,19.7
im1955,49.3,178,52.3,141,56.2,107,39.3,108,35.3,145,31.3,180,36,16.5,45.6,34.5,52.6,60.4,32.3,58,18,38.1,16,16.2,41.3,54.1,51.9,43.8
im1956,72.9,145,70.7,115,67.3,85.4,55,85.8,54.8,114,54.4,145,72.2,84.5,76.3,61.4,75.4,38,49.9,36.7,36.3,42.4,21.9,34.6,60.1,32.7,60.1,15.9
im1957,58.2,154,47.8,123,55.4,89.7,65.8,90.7,61.5,126,62.5,160,20.8,55.2,34.1,52.8,49.2,45.3,72.9,50.5,64.3,71.3,49.2,60.4,60.6,40.5,65.8,20.7
im1958,54.4,157,50.7,120,66.9,96.4,75.4,96.1,83.8,130,97.3,160,27.7,77.2,45.6,62.3,59.5,51.8,66.6,56.5,50.4,80.5,28.1,91,60.2,44.7,54.4,27.8
im1959,98.6,149,84.3,120,56.2,92.7,76.7,86.4,95.1,116,73.1,106,29.3,29.3,44,42.2,66.3,47.5,90.9,58.1,86,78.6,103,90,84.3,51.9,88,31.8
im1960,51.2,20.9,43.2,57.5,56,91,37.4,89.7,33.1,56.2,36.1,18.2,41.1,102,59.2,108,64,127,34.5,142,22.8,119,18.2,116,48.8,143,57.9,158
im1961,14.3,154,49.2,152,58.7,111,67.3,111,70.1,151,44.4,170,40.5,38,34.6,58.7,47.2,75.2,64.5,67.6,92.2,57.6,109,46.7,54.7,63.7,46.9,50.6
im1962,23,73.9,59.9,58.7,70.6,21.2,67.6,22.3,47.8,52.8,20.9,66.6,131,72.4,116,51.1,116,25.7,117,25.7,119,50.4,129,65.8,124,29.5,138,21.2
im1963,40.3,40.2,68.6,70.4,89.5,97.8,93.6,114,63,120,79.2,92.2,101,159,95,131,93.2,101,124,108,140,136,140,160,108,109,107,87.6
im1964,69.9,140,67.2,113,54.1,98.4,76.3,93.4,79.3,111,79.3,135,33.9,26.8,26.5,47,45.7,54,77.3,49,93.1,41.9,82,28.1,60.1,47.6,59.1,28.8
im1965,31.5,140,66.3,129,79.4,97.4,79.4,98.9,102,124,102,156,110,96.8,93.6,84.7,93.6,59,86.5,55,75.9,63.1,70.9,83.7,97.6,53,93.6,31.3
im1966,37.6,161,50.9,118,49.5,88.2,67.8,85.2,97.2,127,96.4,152,27.8,95.5,28.3,70.7,42.7,47.9,82.7,47.6,91.5,71.6,97.2,91.7,64.8,42.2,63.7,20.6
im1967,26.7,152,37.8,119,49,95.6,66.5,92.5,88.4,120,90.2,137,25.8,82.6,31.1,64.3,32.9,50.5,60.2,47.8,82.1,56.3,82.6,76.4,44.1,46.9,43.7,25.9
im1968,53.9,154,45.3,125,36.7,89.5,57,90.6,52.6,124,61.9,139,19.7,69.5,24.3,64.8,26.6,46.7,54.4,44.5,69.2,60.4,61.4,74.1,38.7,39.7,35.8,19.8
im1969,91.6,136,87.1,96.3,46,82.3,44.2,81.8,80.8,97.6,89.8,136,36.5,84.1,54.6,59.3,71.3,47.5,64.1,40.8,42.8,54.3,26.1,67.8,75.3,41.7,88,26.3
im1970,23.5,61.8,24,35.4,46.9,76.4,53.3,82.9,41,64.1,31.7,78.8,23.5,26.7,46.9,40.7,69.1,44.2,90.8,59.5,73.8,48.9,73.8,23.7,86.7,50.1,99.6,31.9
im1971,37.4,141,56.4,129,64.3,100,75.8,98,97.2,124,105,161,128,64.8,105,68.1,80.1,64.5,93.6,56,109,57.9,131,60.9,88.6,54.3,82.1,37.6
im1972,76.4,107,83.2,120,60.9,92.4,48.6,94.8,44.5,125,50.7,123,76.1,35.3,79.7,46.7,61.2,51.1,40.4,51.1,25.2,62.8,23.7,72.2,52.1,44.4,46.9,23.9
im1973,20.2,137,27.2,107,33.9,74.5,50.6,76.2,47.4,108,46.3,143,55,55.1,34.4,53.2,44.8,29.1,70.8,36,67.1,62.3,67.1,57.3,59.1,30,65.8,12.4
im1974,27.5,169,69.9,98.5,53.7,88.8,72.2,98.8,104,139,34.6,151,103,74.9,74.7,56.7,51.7,41.3,75.6,71.2,101,51,70.5,46.4,69.9,51,77,30.5
im1975,27.6,148,35.9,117,35.9,86,49.1,95.8,59.2,123,52.8,156,96.2,27.5,81.1,35.4,69.1,45.2,79.2,66.4,81.9,85.6,71.3,69.4,78.9,51.3,80,36.6
im1976,89.3,162,85.7,124,64.2,97.7,51.5,96.9,48.2,127,24.2,158,119,92.6,97,82,81.7,64.5,64.9,52.2,54,61.3,46.4,56.9,83.9,55.4,87.2,38
im1977,100,159,77.6,129,65.4,97.5,72,96.5,45.2,123,28.7,152,55,96.5,65.9,74.9,67.3,50.9,71.5,60.8,78.1,82.9,81.9,103,64,47.2,56.9,28.8
im1978,116,102,79.9,109,95.3,75.7,124,80.5,98.6,103,95.6,159,41.3,80.5,69.2,59.5,94.5,41.6,124,72,145,99.5,129,119,109,60.3,121,46.3
im1979,36.4,91.8,65.8,92.2,99.4,96,118,94.2,142,63.1,164,36.4,70.7,108,88.7,97,96.6,70.7,129,79.3,125,103,121,127,115,67.9,119,47.5
im1980,118,160,89.7,138,87.9,102,107,103,108,135,107,166,33.6,54.3,51.4,60.1,72.3,63.2,103,60.1,109,78.4,110,102,86.1,54.3,85.2,33.4
im1981,60.6,143,63.8,110,43.6,88.8,36.2,87.3,46.2,111,30.9,143,61.3,97,51.9,71.5,44.5,49.7,30.3,36.3,19.2,53.1,15.6,60.7,44.1,38.4,48.5,19.3
im1982,125,57.9,132,85.7,110,73.9,121,62.3,150,74.8,146,47.6,17.8,30.7,42.1,42.7,64.5,43.3,86.9,34.5,71.8,42.4,45.7,33.9,74.3,38.8,60.1,24.5
im1983,64,141,55.1,113,52.2,83.4,41.2,84.8,29.8,116,26.5,151,31.2,74.6,48.5,62.4,45.6,42.9,27.6,42.6,28.3,69,18.4,73.1,30.1,33,27.2,18.3
im1984,52.8,91.1,42.3,61,70.6,90.8,83.5,85.9,77.3,46.9,63.9,79.2,26,82.4,38.4,69.5,48,52.6,71.6,37.7,100,40.2,131,37.5,59.2,42.2,47.3,26.1
im1985,42.3,150,43.6,120,35.4,90,54.3,92.1,53.5,128,49.2,157,20.8,82.7,20.4,65.5,28.6,47.5,59.9,47.9,71.9,68.9,61.2,71.5,44.4,41.9,45.7,20.9
im1986,84,138,71.2,115,60.6,87.6,74.4,78,88.8,101,101,121,15.2,50.7,30.6,64.7,34.5,49.3,61.5,38.6,75.3,56.5,85.4,74.6,42.7,38.6,44.5,20.9
im1987,62.2,28.5,53.4,31.2,43.7,36.4,47.8,37.6,72.1,35.3,100,32,44.6,130,44.3,110,39.6,88.9,46.6,88.9,51.3,110,58.4,136,41.9,92.1,28.5,96.8
im1988,49.1,161,65.2,121,85.3,95.3,110,97.9,98.6,97.4,90.2,139,26.2,81.8,48.8,73.9,70.7,60.9,99.6,51,124,69.8,112,79.4,82.7,50.8,75.4,30.2
im1989,48.4,180,71.8,151,57,120,57,120,72.4,152,49.6,180,20.7,76.3,20.7,99.1,35.5,84.9,52.1,57.8,56.4,41.2,60.7,20.9,45.9,72.6,33,59.7
im1990,29.5,157,42.3,118,69.2,98.9,81.8,98.6,88.6,136,103,169,52.9,81.2,51.8,70,65.8,55.5,83.8,64.6,68.6,83.8,66,58.9,76.6,50.6,76,29.5
im1991,50.3,133,25.1,110,29.6,76.2,43.6,76.4,42,110,43.4,147,13.5,75.1,21.9,56.3,23.3,32.4,49.5,32.8,54.6,58.3,53.5,82.7,33.6,25.4,34.8,6.4
im1992,34.5,53.7,48.8,79.7,71.1,92.5,88.1,88.7,108,60.1,119,19.7,48.8,165,51.5,148,64.7,129,96.6,123,118,140,121,159,80.1,132,80.1,116
im1993,36.1,142,24.2,111,28.5,81.7,39.7,76.2,32.9,112,47.2,141,20.6,75.4,34.1,58.3,32.1,33.7,28.5,40.4,26.9,59.1,13.4,77,25,30.9,32.5,13.4
im1994,59.6,148,61.9,115,59.6,83.4,46.6,81.8,47.3,112,46.8,142,80.7,72.9,65.3,60.5,58.7,38.4,35.8,40.4,32.2,59.4,23,79.1,48.9,32.2,48,14.6
im1995,51.8,159,57.1,122,37.2,92.6,42.1,91,65.7,114,43.1,142,74.4,86.6,58.4,71,46.1,56.1,50.4,46.1,35.5,33.2,21.2,21.2,51.8,44.8,46.5,25.5
im1996,67.1,163,77.3,125,50.1,90,36,89.4,26.9,125,21.9,162,67.6,69.6,71.6,75.3,76.1,49.8,41.6,43,31.5,69.6,45.6,64,64.8,36.8,67.1,22.1
im1997,120,123,136,98.4,105,101,97.6,96.6,72.9,111,37.8,121,76,10.8,91.4,32.8,97.8,55.9,108,50.7,116,46.7,120,39,104,48.8,93.7,34.7
im1998,51.6,144,33.4,111,34.1,81.8,33.4,84.5,26.7,112,24,148,25.4,85.1,32.1,58.9,23.4,39.4,24.7,39.4,35.5,63,29.4,84.5,20,32,14.6,14.6
im1999,44.4,174,42.6,138,42.6,106,33.5,106,32.5,142,32.1,176,22,11.9,29.8,31.5,36.7,53.5,29.3,53.9,18.4,34.7,15.2,11.9,32.1,50.3,40.3,39.3
